*,1037
の,255
余,232
もの,217
人,191
一,172
ん,167
よう,154
女,149
さん,142
事,138
上,134
何,126
二,101
うち,98
画,97
これ,89
気,84
男,79
所,77
それ,75
春,74
時,73
下,72
眼,71
中,70
そう,69
間,69
方,69
さ,68
三,67
顔,65
今,58
なか,57
ところ,56
色,55
十,50
どこ,49
詩,47
影,46
花,46
前,45
姿,44
水,44
げ,43
声,43
和尚,43
とき,41
ここ,39
ら,39
山,39
心,38
ろ,38
物,37
日,36
家,35
老人,35
頭,34
様,34
一つ,33
字,32
手,32
あなた,32
五,31
め,31
底,31
景色,31
人間,31
訳,31
かい,30
空,30
口,30
嬢,30
音,29
足,29
あれ,29
婆さん,29
久一,29
ぜん,28
まま,28
世,27
かく,27
身,27
昔,27
ため,27
自分,27
こ,27
六,27
われ,27
誰,27
画工,27
向う,26
自然,26
非人情,25
茶,25
坊主,25
きょう,24
だい,24
吾,24
句,24
心持ち,24
感じ,24
点,23
年,23
枝,23
馬,23
風,23
驚,23
ゆ,23
わし,23
ただ,22
世界,22
本,22
面,22
ひと,22
いち,22
雨,22
松,22
旦那,22
夜,22
ほか,22
芸術,21
せい,21
ほう,21
障子,21
彼,21
雲,20
御覧,20
静か,20
あい,20
池,20
左,19
目,19
七,19
場,19
海,19
私,19
国,18
がん,18
尺,18
あと,18
もと,18
的,18
裏,18
名,18
らん,18
源,18
しょう,18
鏡,18
部屋,18
親方,18
詩人,17
じん,17
路,17
石,17
人情,17
先,17
背,17
開,17
今日,16
腰,16
ば,16
かん,16
小説,16
美,16
今度,16
畳,16
あたり,16
写生,16
調子,16
地,16
湯,16
方針,16
画家,15
そこ,15
歌,15
普通,15
後,15
おい,15
温泉,15
奥,15
趣,15
妙,15
言葉,15
波,15
屁,15
木瓜,15
せん,14
百,14
崩,14
幅,14
雲雀,14
いつ,14
右,14
籠,14
境,14
勘定,14
わ,14
枚,14
夢,14
帖,14
奇麗,14
様子,14
度,14
床,14
い,14
はず,14
入口,14
首,14
蜜柑,14
襖,14
たん,13
きん,13
真中,13
旅,13
形,13
さま,13
以上,13
草,13
必要,13
竹,13
分,13
ふう,13
苦,13
月,13
耳,13
話,13
帯,13
廊下,13
例,13
縁,13
がい,13
念,13
蓋,13
わたし,13
了,13
椿,13
神,12
岩,12
丁,12
空気,12
愉快,12
わけ,12
西洋,12
世の中,12
娘,12
汽車,12
俗,12
頃,12
幾,12
しょうじ,12
田,12
兵衛,12
露,12
ふち,12
たび,12
庭,12
うし,12
狂,12
四,12
机,12
文明,12
みち,11
きゅう,11
界,11
苦しみ,11
箱,11
歩,11
相違,11
葉,11
けい,11
芝居,11
いや,11
すべて,11
宿,11
所作,11
しゅん,11
返事,11
かた,11
志保,11
客,11
鼻,11
輪,11
くし,11
徹,11
きが,11
風呂,11
東京,11
観海寺,11
青年,11
れい,10
こと,10
数,10
天下,10
端,10
横,10
腹,10
彼ら,10
味,10
ぶん,10
好き,10
那古,10
井,10
ちょう,10
限り,10
人物,10
こちら,10
あいだ,10
糸,10
不思議,10
歩行,10
斜,10
樹,10
ろう,10
道具,10
隠居,10
御前,10
さき,10
いくつ,10
おぼろ,10
かき,10
体,10
馬鹿,10
なに,10
いろいろ,10
硯,10
情,9
しん,9
はん,9
そく,9
義,9
土,9
曲,9
魂,9
全体,9
呑気,9
力,9
者,9
ひとり,9
のち,9
めい,9
興,9
相手,9
骨,9
おのれ,9
表情,9
ふん,9
ぼう,9
びょう,9
春風,9
指,9
途端,9
一種,9
なあに,9
振袖,9
髪,9
駄目,9
長良,9
昨夕,9
ゆうべ,9
壺,9
急,9
海棠,9
時分,9
風流,9
窓,9
岡,9
日本,9
因果,9
髭,9
裸体,9
二つ,9
寸,9
どれ,8
りゅう,8
楽,8
大事,8
肩,8
合,8
具合,8
そば,8
けしき,8
巌,8
通り,8
桜,8
解,8
同化,8
浮世,8
つもり,8
能,8
容易,8
馬子,8
ごと,8
己,8
たる,8
外,8
半分,8
そで,8
かすか,8
皆,8
厭,8
鉛筆,8
纏,8
煙,8
見当,8
田舎,8
わら,8
一番,8
段,8
そ,8
なみ,8
態度,8
筋,8
なん,8
意味,8
星,8
霞,8
てい,8
形容,8
有様,8
天,8
辺,8
趣味,8
石鹸,8
文,8
尻,8
石段,8
山陽,8
庫裏,8
鳩,8
杓子,8
舟,8
兄さん,8
らい,7
おの,7
霊,7
こん,7
ばん,7
万,7
谷,7
菜の花,7
活動,7
常,7
四方,7
のんき,7
いつか,7
結構,7
利害,7
刺激,7
世間,7
うり,7
独,7
淵,7
たけ,7
いくら,7
臭,7
いっしょ,7
木,7
垂,7
鈴,7
ななめ,7
調和,7
鶏,7
煙草,7
足音,7
菓子,7
血,7
茶碗,7
毎日,7
恰好,7
八,7
戦争,7
ひょう,7
気楽,7
留,7
挨拶,7
乙女,7
いなか,7
我慢,7
しき,7
戸棚,7
柳,7
えん,7
えり,7
価値,7
あし,7
ふく,7
加減,7
戸,7
たい,7
泥,7
すき,7
書物,7
丈,7
階,7
青磁,7
模様,7
もん,7
りょう,7
紫,7
末,7
灯,7
皮,7
探偵,7
梵論字,7
博士,7
車,7
角,6
軒,6
長閑,6
のどか,6
おん,6
観,6
金,6
恋,6
損,6
卸,6
絵の具,6
黒,6
山桜,6
判然,6
道,6
ひばり,6
裡,6
際,6
最後,6
たま,6
しり,6
心持,6
胸,6
地面,6
めん,6
まき,6
自己,6
嫌,6
大変,6
自由,6
銭,6
無理,6
しゅう,6
感興,6
きゃく,6
明,6
天地,6
じゅう,6
かね,6
ついで,6
枕元,6
勝手,6
面倒,6
むやみ,6
双方,6
こまやか,6
帽子,6
身体,6
席,6
どこぞ,6
山里,6
鶯,6
両方,6
かっこう,6
里,6
同様,6
村,6
す,6
工夫,6
近頃,6
ふり,6
水の上,6
あいさつ,6
是非,6
出,6
室,6
とこ,6
めし,6
晩,6
ちく,6
額,6
てつ,6
げん,6
筆,6
非常,6
意,6
刹那,6
ひざ,6
輪廓,6
修業,6
大丈夫,6
折,6
場合,6
かすみ,6
滑,6
しら,6
変化,6
柔,6
ふた,6
熊笹,6
遠く,6
きらい,6
品,6
鉢,6
あご,6
羊羹,6
個,6
肉,6
おし,6
印,6
きち,6
ころ,6
本堂,6
泰,6
安,6
黄,6
初,6
あざやか,6
坪,6
たく,6
散歩,6
九,6
真直,6
門,6
木蓮,6
野武士,6
悟,5
鬼,5
命,5
湧,5
乾坤,5
甲斐,5
心配,5
考,5
蒼,5
薄,5
棚,5
あすこ,5
くり,5
蚤,5
鳥,5
瞬時,5
前後,5
気の毒,5
景物,5
刻,5
自身,5
地位,5
人事,5
功徳,5
境界,5
きょうがい,5
一人ひとり,5
三脚,5
藪,5
すみ,5
着物,5
出来事,5
たち,5
観察,5
雅,5
立,5
こっち,5
懐,5
ふところ,5
すそ,5
あま,5
だれ,5
ぎん,5
揺,5
床几,5
羽,5
たばこ,5
火,5
姿勢,5
真,5
しょ,5
往来,5
がき,5
うぐいす,5
さっき,5
ずり,5
せつ,5
別,5
逗留,5
とうりゅう,5
平気,5
唄,5
憐れ,5
うた,5
町,5
寺,5
住居,5
眼前,5
船,5
衣,5
きれい,5
おとめ,5
むかし,5
思い,5
川,5
果,5
座敷,5
普段,5
えい,5
近く,5
茫然,5
時計,5
帰,5
みずから,5
起臥,5
われわれ,5
彩,5
気味,5
蚊,5
電車,5
涙,5
おれ,5
朧,5
化,5
状態,5
心地,5
腕,5
眠り,5
牛,5
側,5
昼,5
運命,5
統一,5
事実,5
がけ,5
周囲,5
くま,5
岨道,5
欄干,5
いき,5
今朝,5
皿,5
赤,5
禅,5
視線,5
がら,5
退屈,5
くず,5
説明,5
義理,5
種,5
しょうじん,5
容赦,5
そり,5
奴,5
きじ,5
つば,5
さく,5
多く,5
語,5
線,5
気合,5
時間,5
平和,5
供,5
鉄,5
丁寧,5
髯,5
久,5
この間,5
徂徠,5
るい,5
水際,5
かんじょう,5
苦痛,5
下駄,5
個人,5
壮烈,5
ぼけ,5
一行,5
くつ,4
豊か,4
紙,4
俗界,4
むし,4
ぼん,4
子,4
君,4
うじ,4
幸福,4
背中,4
つぎ,4
左右,4
一間,4
まんなか,4
貫,4
明らか,4
余裕,4
次,4
微塵,4
みじん,4
ぶつ,4
じゅん,4
きょく,4
免,4
いか,4
用,4
詩的,4
南山,4
なんざん,4
権利,4
世紀,4
掛,4
逍遥,4
頬,4
しだい,4
拝見,4
墨,4
芸,4
根,4
性,4
真似,4
挙,4
右手,4
脈,4
かげ,4
気持,4
動,4
こう,4
竈,4
茶店,4
未練,4
柱,4
はるか,4
袖,4
達者,4
頼み,4
切,4
なかば,4
古今,4
善,4
冥,4
想像,4
嫁,4
尾,4
御免,4
対,4
幸,4
光,4
催促,4
染,4
垢,4
東西,4
案内,4
滅多,4
紙燭,4
けが,4
問題,4
棟,4
むね,4
草原,4
あきらか,4
まとも,4
今夜,4
塵,4
ばく,4
高泉,4
彩色,4
小声,4
うつつ,4
感,4
現象,4
うらみ,4
布団,4
膝,4
幹,4
ぼうぜん,4
穴,4
枕,4
袂,4
たもと,4
失恋,4
題目,4
そのもの,4
美術,4
愚,4
不幸,4
山水,4
四角,4
きり,4
研究,4
余地,4
主張,4
重,4
みな,4
わん,4
なめらか,4
相,4
向,4
内,4
言語,4
活力,4
湛,4
勢,4
ふし,4
てん,4
飯,4
崖,4
みどり,4
おり,4
踵,4
みかん,4
きとう,4
元,4
女郎,4
傍,4
せき,4
箸,4
三味線,4
行,4
関係,4
虹,4
蜘蛛,4
くも,4
邪魔,4
顎,4
立派,4
透明,4
光線,4
父,4
たくさん,4
ちょうだい,4
咽喉,4
江戸,4
っ子,4
竜,4
英,4
幾分,4
当人,4
爪,4
のれん,4
陽炎,4
かげろう,4
その間,4
両者,4
小坊主,4
死,4
すり,4
賞,4
夕暮,4
帆,4
ずい,4
香,4
遠慮,4
稲妻,4
紅,4
主意,4
成功,4
しょく,4
記憶,4
把,4
無邪気,4
槽,4
肌,4
往生,4
岸,4
余り,4
畠,4
控,4
鱗,4
緑,4
虎,4
達磨,4
絵,4
日影,4
草履,4
袋,4
春水,4
蘭,4
ぺん,4
現実,4
舷,4
先生,4
遥か,4
甃,4
屋根,4
継,4
警察,4
短刀,4
停車場,4
個性,4
革命,4
山路,3
窮屈,3
尊,3
音楽,3
彫刻,3
胸裏,3
まつ,3
さい,3
うらら,3
一句,3
解脱,3
ふじ,3
ちょ,3
喜び,3
不愉快,3
いし,3
平衡,3
峰,3
杉,3
手前,3
平面,3
始末,3
悠然,3
三角,3
適当,3
鳴き,3
どころ,3
あんしょう,3
笑,3
そん,3
雑木,3
詩境,3
じょうし,3
余計,3
絶,3
根本,3
詩歌,3
うきよ,3
垣,3
次第,3
出世間,3
優,3
礼,3
みんな,3
王,3
会,3
にんじょう,3
蚊帳,3
かや,3
ほお,3
腰巻,3
今宵,3
言,3
ことば,3
おと,3
葛藤,3
かっとう,3
以外,3
美的,3
霧,3
くに,3
ここら,3
一筋,3
帽,3
銀,3
有体,3
ありてい,3
瞬間,3
煤,3
草鞋,3
わらじ,3
駄菓子,3
厘,3
隅,3
臼,3
にわとり,3
今しがた,3
茶釜,3
がま,3
盆,3
知らぬ顔,3
あけ,3
都,3
舞台,3
爺さん,3
写真,3
乾,3
夫婦,3
糞,3
いつの,3
一筆,3
板,3
逡巡,3
一角,3
天狗岩,3
存在,3
図,3
理想,3
べつ,3
おだやか,3
もち,3
磨,3
注文,3
だんな,3
湯治,3
匹,3
はく,3
節,3
実物,3
城下,3
仕合せ,3
器量,3
裾模様,3
朦朧,3
もうろう,3
帰り,3
峠,3
さだ,3
五輪,3
塔,3
祟,3
京都,3
おいで,3
色々,3
不人情,3
あな,3
気持ち,3
区別,3
めった,3
階段,3
掃除,3
ふだん,3
たて,3
浜,3
だらけ,3
しんぼう,3
偶然,3
朱,3
不動,3
たしか,3
平生,3
竿,3
流れ,3
禅師,3
何事,3
とく,3
部分,3
よ,3
この世,3
病,3
意識,3
我,3
化物,3
怪,3
材料,3
常人,3
立脚,3
旅行,3
朝,3
不平,3
矛盾,3
天然,3
辟易,3
へきえき,3
ターナー,3
ゆたか,3
朧夜,3
資格,3
覚悟,3
他人,3
軽便,3
ちょく,3
ぐる,3
朧月,3
月下,3
いかん,3
宇宙,3
一段,3
殻,3
態,3
纏綿,3
てんめん,3
れん,3
さかい,3
唐紙,3
幻影,3
潜,3
ぞう,3
量,3
いま,3
縹緲,3
遺憾,3
本来,3
円満,3
支配,3
古来,3
ひたい,3
滴,3
軽薄,3
けつ,3
機,3
やけ,3
証拠,3
しゃく,3
銀杏,3
いちょう,3
襟,3
繻子,3
おら,3
午,3
右側,3
名残,3
なごり,3
苔,3
素,3
翠,3
屋,3
地勢,3
察,3
平地,3
道理,3
株,3
中庭,3
表,3
呼吸,3
膳,3
椀,3
盛,3
奥様,3
去年,3
三味,3
卒然,3
勝,3
有,3
作,3
肘,3
ひじ,3
玉,3
一目,3
城,3
下じ,3
眼中,3
大好き,3
茶人,3
ばり,3
教育,3
流儀,3
とっさ,3
のど,3
昨日,3
きのう,3
不意,3
ちげ,3
橋,3
しゃぼん,3
裸,3
くん,3
具,3
辛抱,3
ひき,3
児,3
本人,3
法,3
本家,3
兄,3
遊び,3
運動,3
烈,3
御上,3
かんかい,3
おまえ,3
ふみ,3
口説,3
変,3
仏,3
恥,3
暖簾,3
燕,3
貝,3
人格,3
風光,3
影響,3
さいわい,3
気象,3
叶,3
いく,3
容,3
程度,3
才子,3
滑稽,3
こっけい,3
太平,3
老師,3
上手,3
酒,3
智識,3
掌,3
明瞭,3
ほうこう,3
液,3
物象,3
森,3
視界,3
ムード,3
気韻,3
きい,3
しゅつ,3
配合,3
手段,3
条件,3
按排,3
あんばい,3
空間,3
制限,3
充,3
ラオ,3
コーン,3
最初,3
始め,3
がた,3
装,3
暮れ,3
念仏,3
湯槽,3
泉,3
土左衛門,3
興味,3
無責任,3
倉,3
年々,3
伸,3
画題,3
ひとみ,3
充満,3
僧,3
代り,3
かたん,3
藍,3
半,3
臀,3
だるま,3
杢,3
銘,3
たみ,3
ぞうり,3
恭,3
緞子,3
端渓,3
俗気,3
軸,3
すれすれ,3
洲,3
勉強,3
くじ,3
日本語,3
舳,3
だま,3
轟,3
不規則,3
わたくし,3
冗談,3
巡査,3
千,3
燐,3
マッチ,3
しま,3
薪,3
山門,3
列,3
行儀,3
否,3
覇王樹,3
いしだ,3
巧,3
たくみ,3
びん,3
先代,3
日本橋,3
主,3
所々,3
役者,3
社会,3
号,3
行為,3
白壁,3
藁,3
ひつ,3
財布,3
亭主,3
ステーション,3
荷物,3
軍人,3
家鴨,3
鉄柵,3
人でなし,2
士,2
云,2
画架,2
台,2
方寸,2
カメラ,2
故,2
人世,2
煩悩,2
建立,2
千金,2
ほど,2
角石,2
はし,2
わや,2
腋,2
わきの下,2
檜,2
ひのき,2
群,2
眉,2
まゆ,2
禿,2
巨人,2
赤松,2
毛布,2
平ら,2
切り,2
ほり,2
がり,2
絶間,2
あげく,2
菜,2
原,2
十文字,2
元気,2
猫,2
鼠,2
正体,2
暗誦,2
きわみ,2
想,2
忘却,2
万斛,2
倍,2
鋭敏,2
蒲公英,2
鋸,2
黄色,2
珠,2
巻,2
了見,2
りょうけん,2
瞬,2
りえ,2
利,2
存,2
その他,2
情緒,2
鼓舞,2
俗念,2
放棄,2
塵界,2
純粋,2
同情,2
愛,2
弁,2
ひま,2
光景,2
汗,2
篁,2
ゆうこう,2
来,2
照,2
義務,2
大切,2
桃源,2
まじ,2
酔,2
分子,2
筍,2
見様,2
弟子,2
鐘,2
わざ,2
享,2
下界,2
手際,2
悠長,2
振舞,2
まくら,2
尿,2
町人,2
爺,2
婆,2
仮定,2
こなし,2
まね,2
せんぎ,2
だて,2
衝突,2
電気,2
画面,2
騒ぎ,2
動作,2
かんし,2
決心,2
裾,2
ひとすじ,2
ぬくもり,2
茫々,2
条,2
客観,2
市井,2
情け,2
蕭々,2
初め,2
梢,2
じゅしょう,2
軒下,2
きし,2
向う側,2
くったく,2
土間,2
敷居,2
ちゃ,2
雄,2
狗,2
いぬ,2
閑静,2
線香,2
宝生,2
高砂,2
かさご,2
箒,2
がかり,2
むき,2
天気,2
焦茶,2
梅,2
棒,2
横顔,2
夏,2
先刻,2
あまり,2
軒端,2
きば,2
痕,2
御蔭,2
おかげ,2
天狗,2
蘆,2
雪,2
名人,2
屏,2
翳,2
針,2
越,2
おこし,2
泊,2
宿屋,2
会話,2
途,2
ページ,2
はじ,2
空山,2
すず,2
最前,2
むら,2
ちの,2
白頭,2
白髪,2
幾代,2
季,2
秋,2
叔母,2
おばさん,2
息,2
塊,2
まり,2
島田,2
花嫁,2
当時,2
高島田,2
図面,2
道具立,2
寄,2
青馬,2
懸想,2
煩,2
古雅,2
修行,2
どっち,2
先方,2
望み,2
親類,2
銀行,2
飄然,2
毛孔,2
あか,2
晩餐,2
へや,2
小女,2
おんな,2
取次,2
給仕,2
色気,2
古風,2
はしご,2
廻,2
ちょうし,2
いた事,2
夕,2
月明,2
つき,2
草山,2
どんど,2
威嚇,2
その後,2
塗,2
がく,2
文字,2
ちり,2
皆無,2
黄檗,2
ひも,2
あん,2
面白味,2
若冲,2
鶴,2
商売,2
柄,2
逸品,2
なり,2
嘴,2
行末,2
ゆくえ,2
冴,2
文句,2
秒,2
焦慮,2
こま,2
知らず,2
影法師,2
ぼうし,2
浴衣,2
ゆかた,2
過ぎ,2
けしからん,2
煩悶,2
はんもん,2
ゆう,2
世上,2
幾多,2
曾遊,2
得意,2
偽,2
まめ,2
無上,2
美化,2
累,2
幽霊,2
詩趣,2
孤村,2
春宵,2
理窟,2
亜,2
危険,2
かけ,2
発表,2
方便,2
俳句,2
嬉,2
位,2
やう,2
りき,2
洗,2
独り,2
恍惚,2
こうこ,2
形容詞,2
なんびと,2
外界,2
域,2
瓶,2
角度,2
すか,2
鈍,2
離,2
はて,2
しょうよう,2
断,2
ずる,2
灯影,2
くら,2
途中,2
耳元,2
春日,2
丸,2
容貌,2
しりめ,2
狼狽,2
美術家,2
評,2
希,2
ギリシャ,2
余韻,2
能力,2
暁,2
あかつき,2
美人,2
判断,2
瓜,2
易,2
双眼,2
静,2
大地,2
往昔,2
分別,2
負,2
会釈,2
片側,2
解釈,2
上部,2
白,2
良,2
釜,2
座布団,2
唐木,2
書体,2
胃,2
昨夜,2
鑑定,2
やじ,2
かかと,2
生垣,2
窮,2
方角,2
層,2
楼,2
客間,2
場所,2
三昧,2
ざんまい,2
冊,2
らく,2
きざ,2
海老,2
下女,2
かたわら,2
発達,2
年寄,2
弾,2
意外,2
頬杖,2
瞳,2
寂然,2
蝶,2
眉間,2
銀杏返し,2
境遇,2
縄,2
迷惑,2
肌合,2
煉,2
快感,2
美事,2
満足,2
口元,2
洒落,2
軽蔑,2
けいべつ,2
規則,2
連中,2
方々,2
詰,2
つめ,2
蟹,2
中途,2
両人,2
ふたり,2
張り,2
まち,2
つや,2
髪結床,2
職人,2
そいつ,2
なだらか,2
侮辱,2
蟇,2
くじゅ,2
小人,2
罵詈,2
面前,2
釘,2
動脈,2
苦情,2
生,2
仕方,2
一遍,2
猛烈,2
黒髪,2
毛,2
腫,2
みそ,2
陽気,2
やつ,2
さけ,2
納所,2
しった,2
笊,2
ざる,2
砂川,2
暇,2
尋,2
網,2
偉大,2
弄,2
体躯,2
間隔,2
一部,2
今わ,2
背景,2
象,2
法衣,2
魚,2
感心,2
小僧,2
りく,2
ばい,2
割合,2
主人,2
遥,2
今頃,2
公平,2
たなご,2
綱,2
まれ,2
樹立,2
つり,2
無限,2
具足,2
徒,2
生甲斐,2
めいりょう,2
分明,2
みょう,2
名状,2
大陸,2
洋,2
画布,2
淋漓,2
りんり,2
製作,2
物色,2
すじ,2
因,2
髣髴,2
ほうふつ,2
共,2
対象,2
堂,2
蕪村,2
描出,2
単純,2
これら,2
大家,2
複雑,2
認識,2
代表,2
配置,2
永久,2
消息,2
展開,2
同所,2
住,2
絵画,2
説,2
諦,2
ごたえ,2
芳,2
一刻,2
しとやか,2
わき,2
暈,2
ここち,2
よそ,2
異様,2
無頓着,2
華,2
徘徊,2
はいかい,2
災,2
はた,2
慈悲,2
南無阿弥陀仏,2
しめやか,2
手拭,2
四つ,2
乳,2
しずく,2
湯気,2
隙間,2
冷やか,2
浴,2
あみ,2
抵抗,2
基督,2
キリスト,2
不審,2
草花,2
衣服,2
精神,2
恐縮,2
実,2
御倉,2
おくら,2
長唄,2
まわり,2
頑固,2
癖,2
時代,2
聟,2
つばくろ,2
注,2
注意,2
湯煙,2
暖か,2
礼儀,2
脳裏,2
露骨,2
極端,2
下品,2
技巧,2
服,2
十分,2
弊,2
随処,2
都会,2
芸妓,2
媚,2
発揮,2
勢い,2
膝頭,2
うねり,2
平,2
うの,2
申し分,2
嫦娥,2
紫檀,2
ペルシャ,2
発明,2
茶托,2
坊さん,2
首肯,2
気分,2
要領,2
左様,2
南,2
べた,2
簡単,2
糸底,2
匠,2
いたずら,2
ろか,2
芹,2
大,2
絶句,2
ぜっく,2
杏,2
活,2
錦,2
論,2
うろこ,2
研,2
因縁,2
しょうは,2
機嫌,2
表面,2
一滴,2
潤沢,2
距離,2
吉田,2
見合,2
伯父,2
おじさん,2
山越,2
位置,2
志願,2
野,2
鼓動,2
半襟,2
対照,2
試験,2
いい加減,2
眸,2
英語,2
一興,2
なさけ,2
代,2
とんぼ,2
かしこ,2
泡,2
あわ,2
略,2
一夜,2
いくよ,2
不可思議,2
千万無量,2
動詞,2
沢山,2
地震,2
こいつ,2
隙,2
動き,2
木の間,2
菫,2
茵,2
しゃも,2
徳,2
観想,2
敷島,2
水草,2
朝な夕な,2
待ち,2
茎,2
つま,2
連想,2
派出,2
げっか,2
憎悪,2
咄嗟,2
成就,2
虚無僧,2
庄屋,2
継目,2
蛇,2
夕日,2
かに,2
しなやか,2
用事,2
覚,2
責任,2
禅僧,2
高尚,2
正当,2
随,2
瓦,2
廂,2
ひさし,2
踊り,2
記,2
一輪,2
たみの,2
鉄瓶,2
眼鏡,2
めがね,2
漁火,2
衛生,2
名画,2
嗜好,2
しこう,2
英国,2
仏蘭西,2
フランス,2
白鞘,2
さや,2
尋常,2
公民,2
胸中,2
比較,2
他,2
藤村,2
専門,2
一員,2
正,2
直,2
じゃり,2
茶色,2
脛,2
出鼻,2
架,2
穂,2
中折,2
唯々,2
無遠慮,2
無言,2
納屋,2
軍,2
いくさ,2
国家,2
太公望,2
否応,2
あひる,2
べり,2
弓,2
現今,2
日夜,2
檻,2
現代,2
餅,2
布,2
胃袋,2
ベル,2
長蛇,2
等,2
草枕,1
夏目,1
漱石,1
目次,1
智,1
棹,1
意地,1
通,1
高,1
寛容,1
束,1
つかの間,1
束の間,1
天職,1
使命,1
こまか,1
着想,1
丹青,1
塗抹,1
五彩,1
絢爛,1
けんらん,1
心眼,1
澆季,1
溷濁,1
無声,1
無色,1
せっけん,1
清浄,1
出入,1
不同,1
我利,1
私慾,1
よく,1
掃蕩,1
万乗,1
寵児,1
明暗,1
表裏,1
閣僚,1
存分,1
漂流,1
右足,1
わり,1
左足,1
そくが,1
うめ,1
バケツ,1
根元,1
だき,1
禿山,1
はげ,1
側面,1
斧,1
天辺,1
てっぺん,1
行く手,1
手間,1
中心,1
窪,1
頂点,1
川底,1
渉,1
幾里,1
揚句,1
按摩,1
あんま,1
真逆様,1
黄金,1
こがね,1
借金,1
居所,1
物欲,1
極み,1
一心不乱,1
素人,1
しろうと,1
苦労性,1
凡骨,1
神経,1
超俗,1
無量,1
かなしみ,1
考え物,1
たんぽぽ,1
のこぎり,1
擁護,1
鎮座,1
ちん,1
考え,1
つきもの,1
臥,1
旨,1
開拓,1
鉄道,1
もうけ,1
月給,1
補い,1
苦労,1
伴,1
性情,1
陶冶,1
とうや,1
醇乎,1
醇,1
孝,1
忠君,1
愛国,1
局,1
旋風,1
つむじ,1
第三者,1
取柄,1
慾,1
通し,1
じんかい,1
傑作,1
理非,1
特色,1
正義,1
勧工場,1
かんこう,1
嘆息,1
東洋,1
採菊,1
きく,1
東籬,1
親友,1
奉職,1
損得,1
弾琴,1
復,1
長嘯,1
ちょうしょう,1
深林,1
不知,1
明月,1
めいげつ,1
不如帰,1
ほととぎす,1
金色,1
夜叉,1
汽船,1
道徳,1
睡眠,1
扁舟,1
職業,1
布教,1
ふき,1
演芸,1
舞踏,1
薬,1
ハムレット,1
直接,1
吸収,1
願,1
しだ,1
年中,1
菊,1
花屋,1
八百屋,1
やおや,1
野宿,1
冠,1
姉,1
海面,1
見立て,1
小路,1
騎,1
田川,1
保証,1
我ら,1
ありがた味,1
仕組,1
能役者,1
節倹,1
芭蕉,1
発句,1
百姓,1
村役場,1
書記,1
じいさん,1
ばあさん,1
点景,1
もっとも,1
心理,1
作用,1
詮議,1
立方,1
交渉,1
見物,1
つまり,1
あちら,1
全力,1
方面,1
余念,1
雨具,1
用意,1
茶屋,1
影画,1
糠,1
粒,1
羽織,1
濡れ,1
肌着,1
温度,1
暖,1
薄墨,1
いくじ,1
箭,1
ひたぶる,1
疲れ,1
豎子,1
雲煙,1
飛,1
落花,1
らっか,1
ていちょう,1
春山,1
甲,1
終り,1
満目,1
孤客,1
庇,1
三つ,1
文久,1
真黒,1
幸い,1
無断,1
雌,1
狐,1
升,1
枡,1
とぐろ,1
燻,1
見世,1
活人画,1
ほうき,1
橋懸,1
しっし,1
三輪,1
雑作,1
むぞうさ,1
胡麻,1
ごま,1
ねじ,1
袖無,1
襷,1
たすき,1
てんぐ,1
見え,1
しゅんじゅん,1
勝ち,1
山嵐,1
前山,1
晴れ,1
嫗,1
度目,1
半々,1
比,1
媼,1
ばば,1
山姥,1
うば,1
紅葉,1
もみじ,1
老女,1
作者,1
無し,1
手持無沙汰,1
ぶさた,1
丈夫,1
苧,1
団子,1
おだ,1
粉,1
石臼,1
頓,1
締め切り,1
以前,1
帳面,1
拍子,1
いね,1
更,1
一路,1
響,1
鈴鹿,1
腹の中,1
寂寞,1
小村,1
幾年,1
しらが,1
染め,1
暮,1
終,1
題,1
店先,1
買物,1
鍛冶,1
じちょう,1
厳,1
御札,1
あき,1
鬣,1
たてがみ,1
上下,1
うえ,1
めいそう,1
わたしゃ,1
嫁入り,1
たかし,1
斑,1
思案,1
面影,1
衣装,1
合掌,1
彗星,1
降り,1
嫁さん,1
御輿,1
月日,1
今年,1
部,1
流,1
仙,1
真面目,1
まじめ,1
成り行き,1
何者,1
長者,1
どちら,1
東,1
道端,1
墓,1
随一,1
持ち,1
理由,1
親,1
薄情,1
内気,1
趣向,1
仙人,1
羽衣,1
ごろ,1
険,1
込,1
銀貨,1
くだり,1
近道,1
多分,1
茶代,1
作り方,1
廻廊,1
延,1
晩食,1
梯子段,1
休み,1
経験,1
房州,1
館山,1
上総,1
銚子,1
伝い,1
土地,1
中二階,1
さし,1
叢,1
修,1
来年,1
さつい,1
塀,1
いも,1
海原,1
うなばら,1
一睡,1
怪し気,1
辛,1
防,1
草双紙,1
欄間,1
落款,1
らっかん,1
書,1
筆致,1
隠元,1
庵,1
それぞれ,1
雅馴,1
運び,1
別人,1
昨今,1
精緻,1
せいち,1
兼,1
卵,1
胴,1
乗,1
飄逸,1
ひょういつ,1
違い棚,1
河,1
向島,1
雅俗,1
混淆,1
こんこう,1
宋,1
慧,1
悟道,1
文芸,1
寝返り,1
一縷,1
夫,1
灯火,1
調べ,1
鼓膜,1
寝巻,1
借着,1
帰参,1
一時,1
不穏当,1
懐中時計,1
忠告,1
単独,1
文学,1
製造,1
烏有,1
歓喜,1
日常,1
喋々,1
ちょうちょ,1
したり顔,1
常識,1
磨滅,1
衆,1
しゅうぞく,1
無数,1
宝,1
燦爛,1
炳乎,1
実在,1
乱,1
牢,1
たき,1
栄辱,1
得喪,1
念々,1
応挙,1
饒,1
こうだい,1
詮,1
標榜,1
ひょうぼう,1
吹聴,1
ふいちょう,1
イタリア,1
泥棒,1
一心,1
賭,1
山賊,1
画帖,1
検査,1
屍骸,1
解剖,1
病状,1
手近,1
ぢ,1
詩形,1
厠,1
安直,1
侮蔑,1
ぶべつ,1
尊重,1
遊離,1
実行,1
夜具,1
事件,1
散漫,1
さんま,1
念入り,1
真先,1
狂句,1
夜半,1
かざし,1
こよ,1
精,1
月夜,1
つて,1
熟睡,1
幻,1
生気,1
彩管,1
雑,1
睡魔,1
実相,1
和,1
微か,1
個体,1
四肢,1
恋々,1
驚き,1
恐れ,1
瞼,1
まぶた,1
ことわり,1
仙女,1
まなこ,1
襟足,1
暗闇,1
やみ,1
笑い声,1
幕,1
るび,1
格子,1
ごうし,1
神秘,1
十万億土,1
ふろ,1
儀,1
予期,1
出合頭,1
御召,1
主人公,1
描写,1
相場,1
佳人,1
品評,1
ひんぴょう,1
使用,1
列挙,1
大蔵経,1
多量,1
後目,1
驚愕,1
きょうがく,1
ろうばい,1
叙,1
用語,1
しゅく,1
風雲,1
うんか,1
雷霆,1
含蓄,1
ひゃく,1
尊厳,1
威儀,1
裏面,1
伏在,1
特殊,1
すいの,1
運慶,1
仁王,1
北斎,1
漫画,1
まんが,1
失敗,1
範疇,1
一文字,1
静しず,1
五分,1
落ちつき,1
富士額,1
俗臭,1
中間,1
薄荷,1
はっか,1
遅鈍,1
別れ別れ,1
一癖,1
くせ,1
乱調,1
元来,1
軽侮,1
いぶ,1
慎,1
才,1
男子,1
物の数,1
温和,1
一致,1
さとり,1
喧嘩,1
けんか,1
同居,1
仕合,1
いずれ,1
気がかり,1
用箪笥,1
友禅,1
衣類,1
衣裳,1
伊勢物語,1
ものがたり,1
挟,1
夢中,1
烏,1
吃驚,1
びっくり,1
御曹子,1
添削,1
飛石,1
茂み,1
大竹,1
隆,1
摩耶,1
島,1
麓,1
ふもと,1
岨,1
前面,1
後ろ,1
平屋,1
枸杞,1
人声,1
南下,1
みなみ,1
入湯,1
居室,1
台所,1
雨戸,1
戸締り,1
解らん,1
屈強,1
空腹,1
倹約,1
野暮,1
やぼ,1
書籍,1
わに,1
至,1
外道,1
植物,1
週間,1
誰か,1
朝食,1
言訳,1
焼肴,1
早蕨,1
わらび,1
紅白,1
えび,1
逸事,1
蕨,1
食物,1
大根,1
滋養,1
料理,1
献立,1
吸物,1
口取,1
刺身,1
しみ,1
会席,1
保養,1
御茶屋,1
質問,1
奥さん,1
針仕事,1
御寺,1
寺詣,1
所持,1
開化,1
楊柳,1
観音,1
働き,1
相好,1
うに,1
眸子,1
欄,1
蝶々,1
毒矢,1
矢先,1
一瞥,1
いちべつ,1
別れ,1
間柄,1
適用,1
身の上,1
一部分,1
野辺,1
つゆ,1
井戸,1
臆,1
丹前,1
きさく,1
両手,1
緻密,1
ちみつ,1
青,1
蝋石,1
雑種,1
クリーム,1
宝石,1
重味,1
白砂,1
糖,1
牛乳,1
五重の塔,1
言語道断,1
沙汰,1
みごと,1
遜色,1
そんしょく,1
価,1
あたい,1
智慧,1
骨董,1
こっとう,1
縄張,1
自尊,1
きゅうじょ,1
煩瑣,1
はんさ,1
麻布,1
聯隊,1
商人,1
器械,1
利休,1
以後,1
鵜,1
うのみ,1
年寄り,1
渡り,1
引越,1
使い,1
移り,1
対話,1
奉公,1
遍,1
諳誦,1
男妾,1
当り前,1
高音,1
たかね,1
さかしま,1
本当,1
失礼,1
下町,1
山の手,1
麹,1
小石川,1
こいし,1
牛込,1
四谷,1
生粋,1
いなせ,1
からっきし,1
みじめ,1
神田松永,1
名代,1
癇,1
今時,1
いまどき,1
御願,1
つけ,1
残念,1
それなり,1
幾日,1
性質,1
下手,1
へた,1
師,1
故意,1
損害,1
虚栄,1
修養,1
真価,1
以下,1
蛙,1
福,1
禄,1
寿,1
祈誓,1
兼勤,1
構造,1
色合,1
銀紙,1
総合,1
痛痒,1
つう,1
胡坐,1
あぐら,1
煙管,1
おもちゃ,1
同盟,1
国旗,1
所有,1
権,1
法則,1
利刃,1
霜柱,1
日本一,1
手腕,1
自任,1
たんび,1
瓦斯,1
ガス,1
鼻柱,1
計画,1
推察,1
得心ずく,1
怪我,1
咽,1
喉笛,1
命令,1
頼,1
近所,1
御新造,1
よっぽど,1
金目,1
贅沢,1
ぜいたく,1
あたり前,1
仲,1
ありま,1
益,1
碌,1
けんのん,1
ふけ,1
溜,1
頭蓋骨,1
開始,1
不毛,1
熊手,1
疾風,1
速度,1
髪の毛,1
根こぎ,1
べた一面,1
蚯蚓,1
余勢,1
磐,1
脳味噌,1
震盪,1
しんとう,1
辣腕,1
倦怠,1
や,1
一ぷく,1
同志,1
愛想,1
さっぱ,1
見境,1
締り,1
住持,1
せっかち,1
苦味,1
いきさつ,1
やっこ,1
殊勝,1
経,1
出し抜け,1
あんさん,1
安さ,1
村中,1
大笑い,1
磯,1
いそ,1
塩気,1
かぜ,1
蹲踞,1
ちゃり,1
小刀,1
丘,1
貝殻,1
牡蠣,1
ばか,1
馬刀貝,1
無尽蔵,1
小橋,1
参差,1
しんし,1
ひろの,1
軟風,1
微温,1
鈍刀,1
どんと,1
気長,1
強烈,1
拮抗,1
きっこう,1
頭脳,1
豪傑,1
たんか,1
渾然,1
駘蕩,1
たいとう,1
満腹,1
饒舌,1
ろうし,1
春光,1
しゅんこう,1
浮遊,1
意気,1
氷炭,1
ひょうたん,1
見出し,1
懸絶,1
勢力,1
大人,1
たいじ,1
手足,1
股肱,1
いしゃ,1
心腹,1
しんぷく,1
牛馬,1
弥生,1
やよい,1
弥,1
安価,1
四方八方,1
よもやま,1
白木綿,1
丸絎,1
こないだ,1
道草,1
使,1
瘤,1
不作法,1
勘弁,1
床屋,1
凹凸,1
箆,1
べらぼう,1
年甲斐,1
ヘン,1
どたま,1
無茶,1
人前,1
発憤,1
陸前,1
大梅,1
しゅぎょう,1
祈祷,1
逆様,1
減,1
餓鬼,1
きだ,1
とつ,1
思索,1
下男,1
舵,1
かじ,1
差別,1
四大,1
顕微鏡,1
びき,1
ほとり,1
虻,1
蕋,1
あて,1
こころ,1
米,1
こめかみ,1
火宅,1
富,1
誉,1
賢,1
蜂,1
蜜,1
待,1
精華,1
髄,1
嚥,1
自在,1
じざ,1
団,1
放下,1
破笠,1
はり,1
青嵐,1
せいらん,1
拈出,1
ねんしゅつ,1
銅臭,1
どうし,1
標,1
福音,1
衆生,1
春秋,1
呻吟,1
しんぎん,1
一生,1
回顧,1
閲歴,1
波動,1
点検,1
微光,1
骸,1
拍手,1
一事,1
一物,1
一双,1
一団,1
水仙,1
沢,1
撩乱,1
こうき,1
琴,1
ちまた,1
彷徨,1
色彩,1
事物,1
仙丹,1
蓬莱,1
蒸発,1
精気,1
知覚,1
飽和,1
うわの空,1
ひろ,1
こうよう,1
蒼海,1
そうかい,1
発現,1
懸念,1
可,1
不可,1
脱却,1
弱き,1
虞,1
切実,1
審美,1
絵絹,1
能事,1
一頭地,1
生動,1
特別,1
羅,1
寓,1
技術,1
筆端,1
前人,1
籬,1
下り,1
伝説,1
きもの,1
作品,1
主客,1
深浅,1
共同,1
感覚,1
こぶし,1
心外,1
方円,1
紅緑,1
濃淡,1
陰,1
洪,1
一定,1
具体,1
合点,1
がてん,1
両立,1
局部,1
再現,1
刻下,1
生命,1
事業,1
流派,1
雲谷,1
門下,1
泰西,1
具象,1
傾倒,1
多数,1
筆墨,1
神韻,1
しんい,1
雪舟,1
せっしゅう,1
筆力,1
生き別れ,1
吾子,1
州,1
回国,1
十字,1
街頭,1
邂逅,1
かいこう,1
曲直,1
表現,1
風韻,1
抽象,1
興趣,1
変り,1
不案内,1
領分,1
経過,1
本領,1
不一,1
両様,1
心裏,1
状況,1
逓次,1
ていじ,1
内容,1
翻訳,1
景,1
ホーマー,1
進捗,1
しんちょく,1
助け,1
要件,1
議論,1
大概,1
朋友,1
ゆうの,1
失念,1
葛湯,1
粘着,1
鍋,1
なべ,1
葛,1
附着,1
青春,1
三月,1
長,1
素琴,1
虚,1
蛸,1
繞,1
梁,1
独坐,1
隻語,1
多事,1
会得,1
知,1
何処,1
緬,1
白雲,1
郷,1
いっぺん,1
入,1
索然,1
反対,1
逆,1
花曇,1
しょうりょう,1
傍目,1
無地,1
あゆみ,1
端正,1
静粛,1
むとんじゃく,1
綺羅,1
戸口,1
帯地,1
金襴,1
織物,1
蒼然,1
夕べ,1
げき,1
遼遠,1
太,1
玄,1
はなやか,1
幽冥,1
府,1
銀燭,1
宵,1
色相,1
情景,1
粛然,1
歩調,1
わい,1
極,1
漠,1
素性,1
幻覚,1
護,1
まもる,1
四苦八苦,1
科,1
冥府,1
よみ,1
だまし,1
打ち,1
一命,1
定,1
業,1
じょうご,1
得心,1
断念,1
回向,1
いおう,1
半ば,1
あの世,1
初手,1
不自由,1
豆腐,1
鉱泉,1
成分,1
ごこち,1
病気,1
持病,1
実用,1
白楽天,1
はくらく,1
凝脂,1
夜の目,1
ひそか,1
潤,1
繁,1
立て,1
ゆか,1
天井,1
隈,1
まさえ,1
節穴,1
もれ,1
様々,1
絹,1
一重,1
幾重,1
語句,1
妥当,1
くらげ,1
錠前,1
執着,1
しゅうじゃく,1
栓,1
張,1
神話,1
比喩,1
痙攣,1
けいれん,1
苦悶,1
くもん,1
全幅,1
賛,1
霜,1
冷,1
した,1
漫然,1
楽器,1
ためし,1
音色,1
上方,1
検校,1
地唄,1
太棹,1
門前,1
万屋,1
酒屋,1
昼過ぎ,1
さらい,1
東側,1
周,1
赤石,1
わからず屋,1
かたくな,1
じじい,1
日課,1
手絡,1
世帯,1
帳場,1
くちばし,1
ひご,1
聞き覚え,1
パノラマ,1
過去,1
段々,1
釣,1
ランプ,1
隔り,1
ぶっしょく,1
逃場,1
びろう,1
律,1
差,1
人体,1
骨格,1
視覚,1
在,1
背丈,1
作法,1
風紀,1
古代,1
ふっこく,1
あからさま,1
答え,1
衣冠,1
常態,1
赤裸,1
権能,1
附与,1
十二分,1
満,1
諺,1
ことわざ,1
放心,1
文章,1
必須,1
今代,1
一大,1
いとう,1
潮流,1
齷齪,1
好例,1
嫖客,1
容姿,1
瞳子,1
顧慮,1
はっき,1
サロン,1
目録,1
全身,1
筋肉,1
ひょうてい,1
埃,1
人界,1
神代,1
みよ,1
起し,1
うず,1
真白,1
内輪,1
なだれ,1
下腹,1
安らか,1
ぎゃく,1
錯雑,1
幽玄,1
片鱗,1
へんりん,1
溌墨,1
はつ,1
ぼく,1
楮,1
赤裸々,1
きらら,1
浄,1
桂,1
かつら,1
みやこ,1
追手,1
躊躇,1
ちゅうちょ,1
浮き,1
今一,1
堕落,1
亀,1
渦,1
御馳走,1
ごちそう,1
相客,1
どまり,1
製,1
仕切,1
鉄色,1
四隅,1
唐草,1
代用,1
印度,1
インド,1
更紗,1
さら,1
壁,1
器具,1
人種,1
巾着切,1
娑婆気,1
占領,1
尻尾,1
移植,1
久し振り,1
御無沙汰,1
ごぶさた,1
草書,1
昵懇,1
急須,1
きゅうす,1
琥珀,1
かおり,1
かたは,1
宗派,1
かな,1
役,1
洋画,1
杯,1
各自,1
めいめい,1
生壁,1
丹,1
偽物,1
にせもの,1
植木鉢,1
葉蘭,1
観賞,1
好事,1
かげん,1
舌,1
閑人,1
適,1
かんじん,1
韻事,1
舌頭,1
ぜっとう,1
馥郁,1
匂,1
食道,1
歯,1
玉露,1
淡水,1
たんす,1
飲料,1
青玉,1
がれ,1
いるか,1
栄,1
派手,1
謙遜,1
けんそん,1
幽邃,1
学校,1
法用,1
となみ,1
姿見,1
じたい,1
せり,1
つみ,1
戻り,1
苦笑,1
書架,1
紋,1
一体,1
りよ,1
愛蔵,1
ぶた,1
小豆色,1
あずき,1
色合い,1
九つ,1
替え,1
綸子,1
七言,1
ちご,1
じょうず,1
さいし,1
平床,1
古銅,1
底光り,1
装幀,1
そうてい,1
大幅,1
いふく,1
絹地,1
巧拙,1
金糸,1
華麗,1
はで,1
滅,1
砂壁,1
象牙,1
陰気,1
しょうが,1
保,1
学者,1
広沢,1
能書,1
漢人,1
ならい,1
稽古,1
けいこ,1
除,1
一座,1
通例,1
並,1
みがき,1
漆,1
感服,1
広島,1
不器用,1
賛成,1
特異,1
中央,1
彎曲,1
おのおの,1
汁,1
煮染,1
一寸,1
塹壕,1
杓,1
純然,1
房,1
装飾,1
涎,1
一息,1
紫色,1
羹,1
隠元豆,1
珍重,1
類,1
人造,1
自棄,1
分り,1
返却,1
木綿,1
ねずみ,1
光沢,1
賞翫,1
しょうがん,1
しな,1
珍,1
へ,1
立ち,1
えんか,1
甥,1
川船,1
廻り,1
辞退,1
兵,1
召集,1
出征,1
わく,1
平家,1
後裔,1
朔北,1
曠野,1
こうや,1
血潮,1
分の,1
剣,1
つる,1
人生,1
心臓,1
平野,1
潮,1
そつ,1
一堂,1
縛,1
ぬき,1
やる気,1
本道,1
可哀想,1
かわいそう,1
鷹,1
油断,1
にきび,1
御籤,1
一文,1
読み方,1
とも,1
みゃく,1
脱,1
都合,1
リボン,1
殿,1
日没,1
御殿,1
続き,1
一抹,1
蛋白石,1
円,1
鐘楼,1
湾,1
柔らか,1
鳴り,1
弦,1
読み,1
りゃく,1
幾夜,1
真夜中,1
甲板,1
かんぱん,1
帆綱,1
結婚,1
躯,1
からだ,1
言下,1
地盤,1
響き,1
曲線,1
褒美,1
ほうび,1
真向,1
二の矢,1
旗色,1
機先,1
親切,1
御礼,1
利目,1
きき,1
肥,1
随分,1
御存じ,1
従弟,1
いとこ,1
戦地,1
暇乞い,1
白湯,1
麻痺,1
しびれ,1
裏道,1
二股,1
かたち,1
起伏,1
連,1
芽,1
萌,1
下草,1
すみれ,1
天来,1
奇想,1
西人,1
民,1
乞食,1
じき,1
掏摸,1
親分,1
月俸,1
岩崎,1
いわさき,1
三井,1
みつい,1
冷然,1
帝王,1
権威,1
風馬牛,1
超越,1
平等,1
無辺際,1
タイ,1
モン,1
どおり,1
滋,1
畦,1
得策,1
無私,1
賊,1
まんぽ,1
屍,1
ばね,1
培養,1
中学,1
練り,1
短,1
い草,1
雨竜,1
寂滅,1
間際,1
おうじょう,1
すすき,1
藻,1
調,1
期,1
暮らし,1
手頃,1
懸命,1
爪先,1
向う岸,1
日向,1
ひな,1
軽快,1
間遠,1
森閑,1
しんかん,1
深山,1
みやま,1
妖女,1
ようじ,1
嫣然,1
毒,1
血管,1
はでやか,1
悄然,1
雨中,1
梨花,1
りか,1
艶,1
毒気,1
うわべ,1
星霜,1
せいそう,1
人目,1
山陰,1
一眼,1
彼女,1
魔力,1
囚人,1
から,1
不快,1
古池,1
らち,1
人魂,1
際限,1
大浪,1
板子,1
たね,1
とこしなえ,1
原理,1
不明,1
しっと,1
不安,1
いかり,1
格別,1
衝動,1
眉宇,1
微笑,1
図案,1
筒袖,1
刃,1
旧知,1
おかき,1
きぎ,1
荷,1
革,1
かめ,1
不憫,1
ふびん,1
そりゃあ,1
尺八,1
染み,1
どの,1
ルビ,1
底本,1
志,1
保田,1
代々,1
だいだい,1
たたり,1
おふくろ,1
吸殻,1
下絵,1
申,1
断崖,1
叢生,1
そうせい,1
蔦,1
わか,1
笹,1
水底,1
寸法,1
収,1
奇,1
いっこう,1
水面,1
皴,1
皺,1
吟味,1
頂,1
いただき,1
へび,1
画筆,1
晩春,1
楚,1
蒼白,1
一指,1
如く,1
雑話,1
許,1
葷酒,1
入山,1
書き方,1
自力,1
綴,1
著者,1
スターン,1
在天,1
溝,1
二段,1
黙然,1
鎌倉,1
五山,1
円覚寺,1
塔頭,1
門内,1
のぼる,1
境内,1
段上,1
がらん,1
人影,1
晴々,1
せいせい,1
こせこせ,1
面積,1
名誉,1
参考,1
よせ,1
処世,1
人々,1
運,1
尽き,1
真正,1
人身,1
攻撃,1
防禦,1
ぼうぎょ,1
即座,1
庫裡,1
つつじ,1
墓場,1
幽か,1
甍,1
見上,1
点々,1
落ち,1
岩佐,1
又兵衛,1
鉦,1
撞木,1
しゅもく,1
奉加帳,1
山寺,1
糸瓜,1
へちま,1
きゅうり,1
おしまい,1
違い,1
年月,1
連続,1
突飛,1
とっぴ,1
庭前,1
柏,1
よし,1
問,1
おうじ,1
少時,1
晁,1
補,1
行文,1
九月,1
斗,1
ひかり,1
そうかん,1
摩,1
しんぜん,1
魅,1
りつ,1
状,1
はく動,1
刺,1
とげ,1
いらいら,1
樹下,1
純白,1
極度,1
み,1
卑下,1
累々,1
蔓,1
盗人,1
訪問,1
あす,1
衝立,1
ついたて,1
半紙,1
脚下,1
きゃっか,1
鍵,1
かぎ,1
横手,1
敷居越し,1
囲炉裏,1
いろり,1
書見,1
げんか,1
飛び石,1
懸崖,1
毎晩,1
ようかい,1
ぞっき,1
おうと,1
名刺,1
呉,1
さかん,1
茶箪笥,1
茶器,1
番茶,1
分析,1
厄介,1
やっかい,1
澄,1
臓腑,1
澄し,1
問い,1
機鋒,1
若僧,1
逢着,1
ほうちゃく,1
有耶無耶,1
むや,1
明滅,1
渋茶,1
拍,1
基,1
督,1
高度,1
オスカー,1
ワイルド,1
時勢,1
関,1
行き抜け,1
停滞,1
任意,1
滓,1
腹部,1
沈澱,1
ちんでん,1
之,1
そうにょう,1
完全,1
小手,1
春色,1
痩躯,1
一流,1
技,1
歩武,1
斉,1
朝飯,1
あおい,1
さんすい,1
郷土,1
本国,1
埃及,1
エジプト,1
へん,1
固有,1
ようえん,1
失,1
山の端,1
朝っぱら,1
歌舞伎座,1
ところどころ,1
師走,1
しわす,1
取り,1
薬種,1
銃,1
猟師,1
鴨,1
女形,1
よそ行き,1
常住,1
生活,1
誤解,1
届,1
節操,1
悲酸,1
閑雅,1
困苦,1
肉体,1
度外,1
物質,1
不便,1
勇,1
猛,1
精進,1
人道,1
鼎,1
定義,1
士人,1
邪,1
弱,1
強,1
一念,1
結晶,1
白日,1
芝居気,1
犠牲,1
性格,1
機会,1
無理矢理,1
個中,1
下司,1
下郎,1
げろう,1
心根,1
吟,1
飛瀑,1
ひばく,1
直下,1
急湍,1
洵,1
動機,1
情趣,1
事情,1
劣等,1
没,1
漢,1
ぼつ,1
模範,1
無駄,1
砂,1
索,1
致し方,1
北側,1
南側,1
焼野,1
青海,1
おうみ,1
本筋,1
見分,1
遠近,1
草の根,1
一片,1
普,1
ほとぼり,1
刷毛,1
はけ,1
紺青,1
こんじ,1
細,1
さいり,1
あめ,1
天が下,1
小指,1
入貢,1
そのかみ,1
にゅうこう,1
高麗,1
阿弥陀,1
安閑,1
おろか,1
来世,1
ぶり,1
水筆,1
隠見,1
あくる日,1
年来,1
知己,1
詩興,1
所思,1
草生,1
轍,1
廃,1
万象,1
晴,1
暉,1
宛,1
転,1
蕪,1
題詩,1
古寺,1
扉,1
孤,1
雲際,1
大空,1
鴻,1
寸心,1
窈窕,1
我欲,1
老,1
咳,1
あいの,1
縞物,1
野生,1
曲り角,1
近辺,1
物騒,1
ぶっそう,1
縮,1
春の,1
男女,1
回,1
懐剣,1
昂然,1
縫,1
九寸五分,1
いふ,1
包み,1
紐,1
片足,1
包,1
充分,1
不即不離,1
ふつ,1
美妙,1
締,1
細面,1
華奢,1
きゃしゃ,1
ぶっきらぼう,1
不断,1
着,1
銘仙,1
縞,1
出立,1
櫛目,1
鬢,1
平均,1
心的,1
構成,1
支離滅裂,1
雑木林,1
ばやし,1
真正面,1
目付,1
うそ,1
御用,1
おんなじ,1
金持ち,1
占,1
貧乏,1
貰い,1
遠方,1
時余,1
迅雷,1
太刀,1
離縁,1
登り,1
玄関,1
庭口,1
向き,1
土塀,1
太陽,1
山一,1
敷,1
狩野,1
派,1
かのう,1
双幅,1
あく,1
餞別,1
せんべつ,1
足下,1
作り,1
川舟,1
世話,1
思慮,1
筏,1
いかだ,1
艫,1
みよし,1
座,1
嫌い,1
委細,1
妹,1
語調,1
外聞,1
乱暴,1
凱旋,1
がいせん,1
繋,1
鮒,1
分ぷ,1
橋畔,1
目眩,1
旗,1
安心,1
浮標,1
川幅,1
ゆるやか,1
合せ,1
北,1
手元,1
寄せ,1
土筆,1
つくし,1
堤,1
まばら,1
白桃,1
もも,1
軍隊,1
居眠り,1
きしょう,1
川縁,1
げんげ,1
滴々,1
そうこう,1
はんぷく,1
ほのか,1
七曲り,1
きの,1
居,1
眠,1
ほいと,1
欠,1
伸のび,1
談,1
酣,1
たけなわ,1
腰障子,1
肴,1
さかな,1
居酒屋,1
縄暖簾,1
材木,1
人力車,1
乙,1
皆同,1
速力,1
同一,1
恩沢,1
運搬,1
方法,1
一人前,1
国民,1
咆哮,1
とら,1
維持,1
動物,1
園,1
見物人,1
鉄棒,1
めちゃめちゃ,1
ちや,1
北欧,1
偉人,1
イブ,1
セン,1
例証,1
貨物,1
客車,1
寸毫,1
闇,1
盲動,1
標本,1
蓬,1
千草,1
股引,1
悪,1
胃病,1
切符,1
きっぷ,1
揃,1
改札,1
プラットフォーム,1
鉄路,1
蜿蜒,1
横腹,1
車輪,1
煙硝,1
車掌,1
為,1
窓側,1
列車,1
運転,1
たたき,1
